Pagine principali,Clic,Impressioni,CTR,Posizione
https://www.moruzzi.it/,133,1560,8.53%,5.25
https://www.moruzzi.it/home.html,61,1028,5.93%,6.23
https://www.moruzzi.it/oggi_compriamo.html,32,1058,3.02%,10.1
https://www.moruzzi.it/come_vendere.html,27,1288,2.1%,8.91
https://www.moruzzi.it/monete.html,12,222,5.41%,4.38
https://www.moruzzi.it/lang2/,7,185,3.78%,9.01
https://www.moruzzi.it/vendita_moruzzi_numismatica.html,5,376,1.33%,2.9
https://www.moruzzi.it/dove_siamo.html,3,99,3.03%,4.55
https://www.moruzzi.it/collezionare_monete_antiche_in_italia.html,3,95,3.16%,8.65
https://www.moruzzi.it/monete_stato_di_conservazione.html,2,179,1.12%,5.9
https://www.moruzzi.it/lang3/el_estado_de_conservacion_de_las_monedas.html,2,151,1.32%,5.51
https://www.moruzzi.it/monete-di-atene-i-tetradrammi-ateniesi-civette.html,2,109,1.83%,3.18
https://www.moruzzi.it/sesterzi-imperiali.html,2,104,1.92%,6.69
https://www.moruzzi.it/monete_romane_imperiali.html,2,54,3.7%,18.41
https://www.moruzzi.it/dall_aes_rude_all_aes_signatum.html,2,45,4.44%,6.91
https://www.moruzzi.it/lang3/abreviaturas_para_monedas.html,2,45,4.44%,7.51
https://www.moruzzi.it/lang4/roman_imperial_coins.html,2,38,5.26%,18.68
https://www.moruzzi.it/la_rarita.html,2,37,5.41%,10.19
https://www.moruzzi.it/lang3/,2,30,6.67%,7.37
https://www.moruzzi.it/monete-medievali.html,2,27,7.41%,6.11
https://www.moruzzi.it/le_medaglie_papali.html,2,27,7.41%,12.96
https://www.moruzzi.it/gli_attestati_di_garanzia_e_provenienza.html,2,25,8%,5.24
https://www.moruzzi.it/monete_italiane_preunitarie.html,2,24,8.33%,11.17
https://www.moruzzi.it/lang6/o-napoleao.html,2,20,10%,5
https://www.moruzzi.it/monete-di-costanzo-i-cloro.html,2,17,11.76%,6.41
https://www.moruzzi.it/lang1/,2,16,12.5%,9.94
https://www.moruzzi.it/lang2/umberto_moruzzi.html,2,13,15.38%,8.54
https://www.moruzzi.it/lang2/roman_coins.html,2,12,16.67%,10.33
https://www.moruzzi.it/lang5/,2,11,18.18%,10.18
https://www.moruzzi.it/lang2/our_location.html,2,10,20%,6.6
https://www.moruzzi.it/memberships.html,2,7,28.57%,7.57
https://www.moruzzi.it/monete-di-sabina.html,2,4,50%,3.5
https://www.moruzzi.it/nicola_mecci.html,2,2,100%,1
https://www.moruzzi.it/monete_romane.html,1,174,0.57%,12.8
https://www.moruzzi.it/monete-d-argento.html,1,80,1.25%,14.38
https://www.moruzzi.it/i_nostri_orari.html,1,74,1.35%,2.14
https://www.moruzzi.it/lang2/state_of_preservation_of_coins.html,1,51,1.96%,5.76
https://www.moruzzi.it/umberto_moruzzi.html,1,40,2.5%,6.08
https://www.moruzzi.it/monete-della-repubblica-di-venezia.html,1,31,3.23%,10.03
https://www.moruzzi.it/idee-regalo.html,1,27,3.7%,3.33
https://www.moruzzi.it/lang2/papal_medals.html,1,23,4.35%,9.96
https://www.moruzzi.it/antoniniani.html,1,22,4.55%,7.73
https://www.moruzzi.it/monete-di-costantino.html,1,21,4.76%,4.62
https://www.moruzzi.it/monete-del-regno-di-napoli.html,1,21,4.76%,11.38
https://www.moruzzi.it/denari-romani.html,1,19,5.26%,17.21
https://www.moruzzi.it/le_monete_suberate.html,1,17,5.88%,7.65
https://www.moruzzi.it/la_donna_romana_nei_ritratti_delle_auguste.html,1,16,6.25%,8.12
https://www.moruzzi.it/lang3/el_tetradracma_de_alejandro_magno.html,1,14,7.14%,5.93
https://www.moruzzi.it/certificato-online.html,1,14,7.14%,16.79
https://www.moruzzi.it/il_solido_bizantino.html,1,13,7.69%,8.31
https://www.moruzzi.it/lang2/greek_coins.html,1,12,8.33%,3.67
https://www.moruzzi.it/il_fiorino.html,1,12,8.33%,13.58
https://www.moruzzi.it/lang5/die_abkurzungen_der_munzen.html,1,11,9.09%,5.09
https://www.moruzzi.it/monete-di-traiano.html,1,11,9.09%,6.27
https://www.moruzzi.it/lang2/coins_of_the_italian_republic.html,1,11,9.09%,7
https://www.moruzzi.it/solidi-romani-e-bizantini.html,1,11,9.09%,12
https://www.moruzzi.it/monete-di-tiberio.html,1,10,10%,4.3
https://www.moruzzi.it/lo_statere_di_corinto.html,1,10,10%,7.5
https://www.moruzzi.it/lostaff.html,1,8,12.5%,5.12
https://www.moruzzi.it/lang3/el_marengo.html,1,8,12.5%,6.88
https://www.moruzzi.it/certificazione_di_qualita_moruzzi.html,1,8,12.5%,7.38
https://www.moruzzi.it/monete-di-lucio-vero.html,1,8,12.5%,13.5
https://www.moruzzi.it/le_medaglie.html,1,8,12.5%,13.88
https://www.moruzzi.it/lang2/international_coins.html,1,7,14.29%,3
https://www.moruzzi.it/monete-di-claudio-ii-il-gotico.html,1,7,14.29%,5.71
https://www.moruzzi.it/le_monete_dei_papi_e_dello_stato_pontificio.html,1,7,14.29%,12.71
https://www.moruzzi.it/monete-di-tito.html,1,6,16.67%,3.33
https://www.moruzzi.it/monete-celtiche.html,1,6,16.67%,3.5
https://www.moruzzi.it/monete-di-domiziano.html,1,6,16.67%,4.67
https://www.moruzzi.it/le_nostre_pubblicazioni.html,1,6,16.67%,9.17
https://www.moruzzi.it/lang3/la_libra_esterlina_inglese.html,1,6,16.67%,10.67
https://www.moruzzi.it/monete-di-giuliano-ii-l-apostata.html,1,5,20%,4.2
https://www.moruzzi.it/monete-puniche.html,1,5,20%,28.8
https://www.moruzzi.it/lang3/las_monedas_de_los_papas_y_del_estado_potificio.html,1,4,25%,7.25
https://www.moruzzi.it/loredana_moruzzi.html,1,4,25%,16.5
https://www.moruzzi.it/francesca_barenghi.html,1,3,33.33%,1.33
https://www.moruzzi.it/lang4/collecting_ancient_coins_in_italy.html,1,3,33.33%,1.67
https://www.moruzzi.it/monete-di-treboniano-gallo.html,1,3,33.33%,4
https://www.moruzzi.it/metodi_di_pagamento_accettati.html,1,3,33.33%,5.67
https://www.moruzzi.it/italiano.html,1,3,33.33%,6.33
https://www.moruzzi.it/banconote_e_cartamoneta_d_oltremare.html,1,3,33.33%,25
https://www.moruzzi.it/monete-di-massimino-ii-daia.html,1,2,50%,1.5
https://www.moruzzi.it/lang2/nicola_mecci.html,1,2,50%,2
https://www.moruzzi.it/gli_eventi.html,1,2,50%,4.5
https://www.moruzzi.it/cipresentiamo.html,1,2,50%,6.5
https://www.moruzzi.it/richieste.html,1,2,50%,12
https://www.moruzzi.it/lang3/certificacion_de_calidad_moruzzi.html,1,1,100%,9
https://www.moruzzi.it/download/2008_pdf/19-23.pdf,1,1,100%,21
https://www.moruzzi.it/citta-del-vaticano-pio-xi-ratti-10-lire-1932-a-xi-zecca-di-roma-argento-spl-pagani-625-monete-papali-vaticane-dargento-moneta-papale-vaticana-da-c-23072.html,1,1,100%,22
https://www.moruzzi.it/citta-del-vaticano-pio-xi-ratti-lire-5-1932-a-xi-zecca-di-roma-argento-mbb-pagani-635-monete-papali-pontificie-vaticane-dargento-moneta-papale-pon-27952.html,1,1,100%,26
https://www.moruzzi.it/lang2/faq_-_frequent_asked_questions.html,0,352,0%,1.09
https://www.moruzzi.it/lang2/the_taler.html,0,320,0%,6.07
https://www.moruzzi.it/lang3/victor-manuel-ii.html,0,206,0%,8.97
https://www.moruzzi.it/lang3/el_florin.html,0,161,0%,7.06
https://www.moruzzi.it/il_dollaro.html,0,144,0%,12.17
https://www.moruzzi.it/lang3/el_thaler.html,0,124,0%,11.91
https://www.moruzzi.it/monete_greche.html,0,106,0%,7.6
https://www.moruzzi.it/l_euro.html,0,100,0%,13.28
https://www.moruzzi.it/il_tallero.html,0,99,0%,4.46
https://www.moruzzi.it/monete-d-oro.html,0,98,0%,15.67
https://www.moruzzi.it/lang3/faq_-preguntas_mas_frecuentes.html,0,88,0%,7.98
https://www.moruzzi.it/lang3/el_denario_romano_de_la_epoca_imperial.html,0,86,0%,5.52
https://www.moruzzi.it/lang2/victor_emmanuel_ii.html,0,84,0%,1.81
https://www.moruzzi.it/le_monete_di_roma_repubblicana.html,0,81,0%,13.67
https://www.moruzzi.it/lang6/vitor-emanuel-iii.html,0,80,0%,10.32
https://www.moruzzi.it/beni-culturali-numismatici-il-punto-di-vista-dei-carabinieri-tutela-patrimonio-culturale.html,0,62,0%,3.52
https://www.moruzzi.it/la_banca_romana_durante_il_regno_d_italia.html,0,58,0%,9.33
https://www.moruzzi.it/il_tempio_di_giano.html,0,57,0%,7.28
https://www.moruzzi.it/l_aureo_romano.html,0,53,0%,9.91
https://www.moruzzi.it/la_titolatura_imperiale.html,0,51,0%,8.75
https://www.moruzzi.it/lang3/una_breve_historia_del_billete.html,0,49,0%,8.78
https://www.moruzzi.it/monete-del-regno-di-sicilia.html,0,48,0%,7.25
https://www.moruzzi.it/lang3/el_tetradracma_de_atenas.html,0,47,0%,5.11
https://www.moruzzi.it/lang3/la_moneda_espanola_de_8_reales.html,0,47,0%,10.13
https://www.moruzzi.it/la_moneta_spagnola_da_8_reales.html,0,46,0%,8.46
https://www.moruzzi.it/lang6/o-taler.html,0,45,0%,5.6
https://www.moruzzi.it/la_sterlina_inglese.html,0,42,0%,20.64
https://www.moruzzi.it/lang3/el_aureus_romano.html,0,40,0%,4.22
https://www.moruzzi.it/monete-di-vittorio-emanuele-iii.html,0,38,0%,6.18
https://www.moruzzi.it/lang3/el_ducado.html,0,38,0%,9.32
https://www.moruzzi.it/lang6/o-estado-de-conservacao-das-moedas.html,0,37,0%,7.41
https://www.moruzzi.it/stime_perizie_monete.html,0,36,0%,18.19
https://www.moruzzi.it/numismatica_e_investimento.html,0,35,0%,11.26
https://www.moruzzi.it/lang2/the_florin.html,0,34,0%,15.76
https://www.moruzzi.it/banconote_stato_di_conservazione.html,0,32,0%,7
https://www.moruzzi.it/il_denario_romano_di_epoca_imperiale.html,0,32,0%,7.91
https://www.moruzzi.it/monete-rare.html,0,32,0%,14.59
https://www.moruzzi.it/roma_nelle_monete.html,0,32,0%,15.78
https://www.moruzzi.it/monete-euro-rare-commemorative.html,0,32,0%,19.62
https://www.moruzzi.it/lang6/vitor-emanuel-ii.html,0,31,0%,1.61
https://www.moruzzi.it/lang2/the_temple_of_janus.html,0,31,0%,9.19
https://www.moruzzi.it/monete-di-giulio-cesare.html,0,30,0%,4.47
https://www.moruzzi.it/lang6/o-florim.html,0,30,0%,9.33
https://www.moruzzi.it/lang3/el_estado_de_conservacion_de_los_billetes.html,0,29,0%,6.28
https://www.moruzzi.it/il_ducato.html,0,29,0%,8.52
https://www.moruzzi.it/lang5/der_thaler.html,0,29,0%,25
https://www.moruzzi.it/lang6/humberto-i.html,0,27,0%,6.3
https://www.moruzzi.it/lang4/the_roman_aureus.html,0,27,0%,17.15
https://www.moruzzi.it/il_tetradramma_di_atene.html,0,26,0%,4.46
https://www.moruzzi.it/monete-del-regno-delle-due-sicilie.html,0,26,0%,6.65
https://www.moruzzi.it/le_abbreviazioni_per_le_monete.html,0,25,0%,4.28
https://www.moruzzi.it/monete-di-costantino-ii.html,0,25,0%,6.6
https://www.moruzzi.it/luogotenenza.html,0,24,0%,5.67
https://www.moruzzi.it/monete-di-firenze.html,0,24,0%,7.54
https://www.moruzzi.it/lang2/papal_coins.html,0,24,0%,10.83
https://www.moruzzi.it/monete-di-siracusa-i-decadrammi-di-siracusa.html,0,24,0%,15
https://www.moruzzi.it/monete-di-vittorio-emanuele-ii.html,0,23,0%,17.22
https://www.moruzzi.it/lang2/italian_social_republic.html,0,23,0%,17.26
https://www.moruzzi.it/monete-da-collezione.html,0,23,0%,23.3
https://www.moruzzi.it/pop_up/le_abbreviazioni_testo.html,0,21,0%,5.81
https://www.moruzzi.it/lang3/victor-manuel-iii.html,0,21,0%,11.9
https://www.moruzzi.it/euro.html,0,21,0%,19.48
https://www.moruzzi.it/i_falsi.html,0,20,0%,8
https://www.moruzzi.it/lang4/hubert_i.html,0,20,0%,11.05
https://www.moruzzi.it/lang1/la_monnaie_espagnole_de_8_reales.html,0,19,0%,5.21
https://www.moruzzi.it/monete_bizantine.html,0,19,0%,5.84
https://www.moruzzi.it/lang6/republica-social-italiana.html,0,19,0%,8.47
https://www.moruzzi.it/lang3/billetes_italianos.html,0,19,0%,9.32
https://www.moruzzi.it/pop_up/le_abbreviazioni_per_le_monete.html,0,19,0%,10
https://www.moruzzi.it/lang4/the_taler.html,0,19,0%,15.79
https://www.moruzzi.it/le_abbreviazioni_per_le_banconote.html,0,18,0%,6
https://www.moruzzi.it/la_nascita_della_medaglia.html,0,18,0%,7.33
https://www.moruzzi.it/monete-di-marciana.html,0,18,0%,11.83
https://www.moruzzi.it/lang3/como_vender.html,0,18,0%,19.17
https://www.moruzzi.it/monete-di-augusto.html,0,17,0%,6.94
https://www.moruzzi.it/monete-di-vespasiano.html,0,17,0%,7.35
https://www.moruzzi.it/pop_up/collezionare_monete_antiche_in_italia.html,0,17,0%,8.53
https://www.moruzzi.it/una_breve_storia_della_banconota.html,0,17,0%,9.06
https://www.moruzzi.it/perizie_banconote.html,0,17,0%,18.24
https://www.moruzzi.it/perizie_monete.html,0,17,0%,21.53
https://www.moruzzi.it/lang2/collecting_ancient_coins_in_italy.html,0,16,0%,5.5
https://www.moruzzi.it/assi-romani.html,0,16,0%,6.62
https://www.moruzzi.it/lang3/el_templo_de_jano.html,0,16,0%,9.06
https://www.moruzzi.it/lang5/der_erhaltungszustand_der_munzen.html,0,16,0%,10.12
https://www.moruzzi.it/lang2/the_bank_of_rome_during_the_kingdom_of_italy.html,0,16,0%,16.31
https://www.moruzzi.it/banconote_e_cartamoneta_italiana.html,0,16,0%,29.06
https://www.moruzzi.it/faq_domande_frequenti.html,0,15,0%,6.47
https://www.moruzzi.it/lang6/o-denario-romano-da-epoca-imperial.html,0,15,0%,6.93
https://www.moruzzi.it/monete-di-napoleone-bonaparte.html,0,15,0%,9.27
https://www.moruzzi.it/lang6/o-aureo-romano.html,0,15,0%,9.73
https://www.moruzzi.it/aurei-romani.html,0,15,0%,14.27
https://www.moruzzi.it/monete-antiche.html,0,15,0%,27.73
https://www.moruzzi.it/lang3/el_solido_bizantino.html,0,14,0%,6.14
https://www.moruzzi.it/il_tetradramma_di_alessandro_magno.html,0,14,0%,8.29
https://www.moruzzi.it/lang6/a-moeda-espanhola-de-8-reais.html,0,14,0%,13.71
https://www.moruzzi.it/lang6/,0,13,0%,11
https://www.moruzzi.it/lang3/el_banco_romano_duranteel_reinado_de_italia.html,0,13,0%,11.31
https://www.moruzzi.it/lang2/the_spanish_coin_of_8_reales.html,0,13,0%,34.23
https://www.moruzzi.it/valutazione_monete_banconote.html,0,13,0%,43.69
https://www.moruzzi.it/lang2/the_roman_denarius_during_the_empire.html,0,13,0%,44.62
https://www.moruzzi.it/lang5/viktor_emanuel_ii.html,0,12,0%,3
https://www.moruzzi.it/monete-di-cleopatra-vii.html,0,12,0%,3.67
https://www.moruzzi.it/monete-di-alessandro-magno.html,0,12,0%,4.42
https://www.moruzzi.it/lang2/the_marengo.html,0,12,0%,5.75
https://www.moruzzi.it/quinari.html,0,12,0%,7.67
https://www.moruzzi.it/monete-di-claudio.html,0,11,0%,1.55
https://www.moruzzi.it/lang3/el_dolar.html,0,11,0%,2
https://www.moruzzi.it/monete-di-diocleziano.html,0,11,0%,6
https://www.moruzzi.it/monete-di-gallieno.html,0,11,0%,6.55
https://www.moruzzi.it/monete_d_oltremare.html,0,11,0%,9.36
https://www.moruzzi.it/monete-di-adriano.html,0,11,0%,10.09
https://www.moruzzi.it/lang4/the_tetradrachm_of_alexander_iii_the_great.html,0,11,0%,10.45
https://www.moruzzi.it/la_numismatica_ed_il_collezionismo.html,0,11,0%,11.91
https://www.moruzzi.it/monete_della_repubblica_di_san_marino.html,0,11,0%,12.82
https://www.moruzzi.it/lang4/the_athenian_tetradrachm.html,0,11,0%,14.27
https://www.moruzzi.it/lang2/who_we_are.html,0,10,0%,5.1
https://www.moruzzi.it/lang4/the_florin.html,0,10,0%,6.4
https://www.moruzzi.it/tutto_il_negozio.html,0,10,0%,6.8
https://www.moruzzi.it/lang3/el_nacimiento_de_la_medalla.html,0,10,0%,8.4
https://www.moruzzi.it/lang2/the_ducat.html,0,10,0%,9.3
https://www.moruzzi.it/follis-romani-e-bizantini.html,0,10,0%,10.2
https://www.moruzzi.it/ultimi-arrivi.html,0,10,0%,10.6
https://www.moruzzi.it/monete-di-settimio-severo.html,0,9,0%,2
https://www.moruzzi.it/silique-romane-e-bizantine.html,0,9,0%,4.33
https://www.moruzzi.it/argentei.html,0,9,0%,5.78
https://www.moruzzi.it/monete-di-nerone.html,0,9,0%,5.78
https://www.moruzzi.it/lang6/o-tetradracma-de-atenas.html,0,9,0%,6.56
https://www.moruzzi.it/lang2/a_solidus_of_jovinus.html,0,9,0%,8.89
https://www.moruzzi.it/lang2/the_roman_aureus.html,0,9,0%,11.78
https://www.moruzzi.it/pagamento_in_lire.html,0,9,0%,14.11
https://www.moruzzi.it/monete-di-filippo-ii-di-macedonia.html,0,8,0%,5.25
https://www.moruzzi.it/lang3/donde_estamos.html,0,8,0%,6.25
https://www.moruzzi.it/lang2/victor_emmanuel_iii.html,0,8,0%,8.88
https://www.moruzzi.it/il_marengo.html,0,8,0%,12.25
https://www.moruzzi.it/il_nostro_ebay.html,0,8,0%,12.75
https://www.moruzzi.it/download/2008_pdf/32-35.pdf,0,8,0%,13.75
https://www.moruzzi.it/lang3/monedas_romanas.html,0,8,0%,14
https://www.moruzzi.it/lang1/memberships.html,0,8,0%,14.38
https://www.moruzzi.it/lang2/the_byzantine_solidus.html,0,8,0%,21
https://www.moruzzi.it/lang1/tout_le_magasin.html,0,8,0%,24.62
https://www.moruzzi.it/monete-di-gordiano-i.html,0,7,0%,2.14
https://www.moruzzi.it/monete-di-gordiano-iii.html,0,7,0%,3.57
https://www.moruzzi.it/monete-barbariche.html,0,7,0%,3.71
https://www.moruzzi.it/monete-di-commodo.html,0,7,0%,4.43
https://www.moruzzi.it/monete-di-caracalla.html,0,7,0%,4.57
https://www.moruzzi.it/lang6/tesseras-romanas-com-numerais-e-spintriae.html,0,7,0%,5.29
https://www.moruzzi.it/lang3/la_abreviatura_de_los_billetes.html,0,7,0%,5.43
https://www.moruzzi.it/lang4/victor_emmanuel_iii.html,0,7,0%,6.29
https://www.moruzzi.it/lang3/el_stater_de_corinto.html,0,7,0%,6.57
https://www.moruzzi.it/lang2/lion_daalder.html,0,7,0%,6.71
https://www.moruzzi.it/umberto_i.html,0,7,0%,7.43
https://www.moruzzi.it/monete-di-filippo-l-arabo.html,0,7,0%,8
https://www.moruzzi.it/lang4/the_temple_of_janus.html,0,7,0%,8.29
https://www.moruzzi.it/standard_qualitativo.html,0,7,0%,9
https://www.moruzzi.it/monete-romane-repubblicane.html,0,7,0%,9.29
https://www.moruzzi.it/monete_della_citta_del_vaticano.html,0,7,0%,19.86
https://www.moruzzi.it/monete-di-siracusa-i-tetradrammi-di-siracusa.html,0,7,0%,25.14
https://www.moruzzi.it/lang2/valuation_coins_banknotes.html,0,7,0%,65.29
https://www.moruzzi.it/monete-di-didia-clara.html,0,6,0%,3.83
https://www.moruzzi.it/monete-di-germanico.html,0,6,0%,4.17
https://www.moruzzi.it/lang2/how_to_sell.html,0,6,0%,5.33
https://www.moruzzi.it/lang1/le_temple_de_janus.html,0,6,0%,8
https://www.moruzzi.it/lang4/a_brief_history_of_the_banknote.html,0,6,0%,11.67
https://www.moruzzi.it/lang5/gutachten_von_munzen.html,0,6,0%,16.17
https://www.moruzzi.it/monete_delle_zecche_italiane.html,0,6,0%,16.83
https://www.moruzzi.it/download.html,0,6,0%,31.17
https://www.moruzzi.it/lang5/die_romische_goldmunze.html,0,6,0%,44.83
https://www.moruzzi.it/monete-di-giulia-domna.html,0,5,0%,1
https://www.moruzzi.it/monete-di-salonina.html,0,5,0%,2.2
https://www.moruzzi.it/monete-di-costanzo-ii.html,0,5,0%,3.2
https://www.moruzzi.it/monete-di-licinio-ii.html,0,5,0%,4.8
https://www.moruzzi.it/lang4/domitianus.html,0,5,0%,5
https://www.moruzzi.it/lang6/o-tetradracma-de-alexandre-o-grande.html,0,5,0%,5.4
https://www.moruzzi.it/lang4/the_roman_denarius_during_the_empire.html,0,5,0%,5.8
https://www.moruzzi.it/domitianus.html,0,5,0%,6
https://www.moruzzi.it/spintrie_e_tessere_romane_con_numerali.html,0,5,0%,6.4
https://www.moruzzi.it/lang3/quienes_somos.html,0,5,0%,6.6
https://www.moruzzi.it/monete-di-tebe-gli-stateri-scudo-beotico.html,0,5,0%,6.6
https://www.moruzzi.it/serie-divisionali-euro.html,0,5,0%,6.6
https://www.moruzzi.it/lang3/coleccionar_monedas_antiguas_en_italia.html,0,5,0%,6.8
https://www.moruzzi.it/monete-di-alessandro-severo.html,0,5,0%,7.2
https://www.moruzzi.it/monete_d_europa.html,0,5,0%,7.2
https://www.moruzzi.it/lang4/victor_emmanuel_ii.html,0,5,0%,7.6
https://www.moruzzi.it/lang6/o-banco-de-roma-durante-o-reino-de-italia.html,0,5,0%,7.6
https://www.moruzzi.it/per_posta_elettronica.html,0,5,0%,7.8
https://www.moruzzi.it/lang6/moedas-das-casas-da-moeda-italianas.html,0,5,0%,8.6
https://www.moruzzi.it/per_telefono.html,0,5,0%,12.4
https://www.moruzzi.it/lang3/las_medallas.html,0,5,0%,16.2
https://www.moruzzi.it/la_moneta_spagnola_da_8_escudos.html,0,5,0%,17.2
https://www.moruzzi.it/lang1/monnaies_romaines.html,0,5,0%,27
https://www.moruzzi.it/monete_della_repubblica_italiana.html,0,5,0%,41.8
https://www.moruzzi.it/lang5/der_florin.html,0,5,0%,44.6
https://www.moruzzi.it/lang4/appraisals_coins.html,0,5,0%,94.6
https://www.moruzzi.it/monete-di-vittorino.html,0,4,0%,1.5
https://www.moruzzi.it/monete-di-aureliano.html,0,4,0%,1.75
https://www.moruzzi.it/monete-di-corinto--gli-stateri--pegasi-.html,0,4,0%,2.25
https://www.moruzzi.it/monete-di-agrippina-maggiore.html,0,4,0%,3.25
https://www.moruzzi.it/lang6/faq---questoes-frequentes.html,0,4,0%,3.5
https://www.moruzzi.it/monete-di-nerva.html,0,4,0%,4
https://www.moruzzi.it/lang2/roman_tesserae_with_numerals_and_spintriae.html,0,4,0%,4.25
https://www.moruzzi.it/lang4/faq_-_frequent_asked_questions.html,0,4,0%,4.25
https://www.moruzzi.it/monete-di-faustina-i.html,0,4,0%,4.5
https://www.moruzzi.it/monete-di-probo.html,0,4,0%,4.5
https://www.moruzzi.it/dupondi-romani.html,0,4,0%,4.75
https://www.moruzzi.it/monete-di-marco-antonio.html,0,4,0%,5.25
https://www.moruzzi.it/lang3/una_mujer_romana_en_retratos_de_las_augustas.html,0,4,0%,5.75
https://www.moruzzi.it/lang1/le_solide_byzantin.html,0,4,0%,6.5
https://www.moruzzi.it/monete-di-giulia-mesa.html,0,4,0%,6.5
https://www.moruzzi.it/lang4/the_marengo.html,0,4,0%,6.75
https://www.moruzzi.it/repubblica_sociale_italiana.html,0,4,0%,7
https://www.moruzzi.it/monete-romane-delle-guerre-civili.html,0,4,0%,7.25
https://www.moruzzi.it/lang2/memberships.html,0,4,0%,8.5
https://www.moruzzi.it/lang2/coins_of_the_vatican_city.html,0,4,0%,8.75
https://www.moruzzi.it/lang3/republica_social_italiana.html,0,4,0%,8.75
https://www.moruzzi.it/tutto_citta.html,0,4,0%,8.75
https://www.moruzzi.it/lang2/domitianus.html,0,4,0%,9
https://www.moruzzi.it/monete-di-umberto-i.html,0,4,0%,9
https://www.moruzzi.it/lang4/the_ducat.html,0,4,0%,9.5
https://www.moruzzi.it/lang3/la_ara_pacis.html,0,4,0%,10.5
https://www.moruzzi.it/monete-di-milano.html,0,4,0%,13
https://www.moruzzi.it/lang3/nuestras_publicaciones.html,0,4,0%,13.25
https://www.moruzzi.it/lang5/loredana_moruzzi.html,0,4,0%,15
https://www.moruzzi.it/monete-di-marco-aurelio.html,0,4,0%,16
https://www.moruzzi.it/lang6/estimacoes-e-peritagens-de-moedas.html,0,4,0%,30.75
https://www.moruzzi.it/monete-di-magnenzio.html,0,3,0%,1.33
https://www.moruzzi.it/monete-di-carino.html,0,3,0%,2
https://www.moruzzi.it/monete-di-quintillo.html,0,3,0%,2.33
https://www.moruzzi.it/lang6/o-ducado.html,0,3,0%,3
https://www.moruzzi.it/monete-di-ottaviano.html,0,3,0%,4
https://www.moruzzi.it/lang4/,0,3,0%,4.33
https://www.moruzzi.it/lang6/o-estado-de-conservacao-das-notas.html,0,3,0%,4.33
https://www.moruzzi.it/monete-di-erennio-etrusco.html,0,3,0%,4.67
https://www.moruzzi.it/monete_del_regno_di_sardegna.html,0,3,0%,4.67
https://www.moruzzi.it/cistofori.html,0,3,0%,5.67
https://www.moruzzi.it/lang2/the-staff.html,0,3,0%,5.67
https://www.moruzzi.it/un_solido_di_giovino.html,0,3,0%,5.67
https://www.moruzzi.it/lang2/the_rarity.html,0,3,0%,6.33
https://www.moruzzi.it/lang2/the_ara_pacis.html,0,3,0%,6.67
https://www.moruzzi.it/lang2/the_complete_shop.html,0,3,0%,6.67
https://www.moruzzi.it/lang5/privatsphare.html,0,3,0%,7.33
https://www.moruzzi.it/monete-di-giulia-soemia.html,0,3,0%,7.33
https://www.moruzzi.it/monete-di-didio-giuliano.html,0,3,0%,7.67
https://www.moruzzi.it/lang5/faq_haufig_gestellte_fragen.html,0,3,0%,8
https://www.moruzzi.it/offerte_speciali.html,0,3,0%,8
https://www.moruzzi.it/la_bibliografia_numismatica.html,0,3,0%,8.67
https://www.moruzzi.it/monete-di-gordiano-ii.html,0,3,0%,9
https://www.moruzzi.it/lang4/the_state_of_preservation_of_banknotes.html,0,3,0%,11
https://www.moruzzi.it/lang4/state_of_preservation_of_coins.html,0,3,0%,14.67
https://www.moruzzi.it/la-moneta-che-riscrive-la-data-della-eruzione-del-vesuvio.pdf,0,3,0%,15
https://www.moruzzi.it/lang3/actualizacion_de_la_calidad.html,0,3,0%,18.33
https://www.moruzzi.it/modena-reggio-e-mirandola-enrico-e-maria-teresa-medaglia-in-bronzo-matrimonio-di-maria-teresa-1846-spl-r-boccolari-246-medaglie-italiane-moderne-c-26664.html,0,3,0%,18.33
https://www.moruzzi.it/lang4/the_byzantine_solidus.html,0,3,0%,19
https://www.moruzzi.it/lang3/estandar_de_calidad.html,0,3,0%,21.33
https://www.moruzzi.it/download/2007_pdf/07-22.pdf,0,3,0%,25.67
https://www.moruzzi.it/vittorio_emanuele_ii.html,0,3,0%,25.67
https://www.moruzzi.it/stime_perizie_banconote.html,0,3,0%,28.67
https://www.moruzzi.it/lang4/numismatic_bibliography.html,0,3,0%,36
https://www.moruzzi.it/lang4/valuation_coins_banknotes.html,0,3,0%,92.33
https://www.moruzzi.it/lang6/avaliacao-de-moedas-e-notas.html,0,3,0%,97.67
https://www.moruzzi.it/monete-della-repubblica-napoletana.html,0,2,0%,1
https://www.moruzzi.it/monete-di-clodio-albino.html,0,2,0%,2
https://www.moruzzi.it/monete-di-manlia-scantilla.html,0,2,0%,2
https://www.moruzzi.it/lang2/events.html,0,2,0%,2.5
https://www.moruzzi.it/monete-di-bruto.html,0,2,0%,2.5
https://www.moruzzi.it/monete-di-galba.html,0,2,0%,2.5
https://www.moruzzi.it/bruttium-caulonia-nomos-550-480-ac-kavl-apollo-catharsius-con-ramo-lustrale-e-figura-in-corsa-sullavambraccio-stesso-tipo-in-incuso-zecca-di-caulonia-28429.html,0,2,0%,3
https://www.moruzzi.it/regno-ditalia-vittorio-emanuele-iii-centesimo-italia-su-prora-1914-zecca-di-roma-rame-fdc-pagani-951-monete-italiane-moderne-moneta-italiana-29279.html,0,2,0%,3
https://www.moruzzi.it/monete-di-galerio.html,0,2,0%,3.5
https://www.moruzzi.it/lang2/the_ecu_of_5_francs.html,0,2,0%,4
https://www.moruzzi.it/monete-di-antonino-pio.html,0,2,0%,4
https://www.moruzzi.it/monete-di-crispina.html,0,2,0%,4
https://www.moruzzi.it/lang3/tarjetas_romanas_con_numeral_y_spintrie.html,0,2,0%,4.5
https://www.moruzzi.it/monete-di-valente.html,0,2,0%,4.5
https://www.moruzzi.it/registrazione_newsletter.html,0,2,0%,5
https://www.moruzzi.it/lang6/certificacao-on-line.html,0,2,0%,5.5
https://www.moruzzi.it/lang2/the_athenian_tetradrachm.html,0,2,0%,6
https://www.moruzzi.it/lang6/como-vender.html,0,2,0%,6
https://www.moruzzi.it/monete-di-annia-faustina.html,0,2,0%,6
https://www.moruzzi.it/postumo-sesterzio-peso-medio-259-268-dc-fides-militvm-la-fides-sostiene-con-entrambe-le-mani-due-stendardi-zecca-di-lugdunum-bronzo-qbb-ric-123-mon-23223.html,0,2,0%,6
https://www.moruzzi.it/citta-del-vaticano-sede-vacante-1958-lire-500-con-accento-1958-zecca-di-roma-argento-fdc-pagani-843-monete-vaticane-dargento-moneta-vaticana-da-c-30483.html,0,2,0%,6.5
https://www.moruzzi.it/lang3/monedas_del_reino_de_cerdena.html,0,2,0%,6.5
https://www.moruzzi.it/catalogazioni_monete_banconote.html,0,2,0%,7
https://www.moruzzi.it/lang2/francesca_barenghi.html,0,2,0%,7
https://www.moruzzi.it/monete-di-casa-savoia.html,0,2,0%,7
https://www.moruzzi.it/monete-di-sesto-pompeo.html,0,2,0%,7
https://www.moruzzi.it/lang2/the_tetradrachm_of_alexander_iii_the_great.html,0,2,0%,7.5
https://www.moruzzi.it/lang4/coins_of_the_republic_of_san_marino.html,0,2,0%,7.5
https://www.moruzzi.it/lang6/o-nascimento-da-medalha.html,0,2,0%,7.5
https://www.moruzzi.it/lang5/der_dukat.html,0,2,0%,8
https://www.moruzzi.it/monete-di-macriano-e-quieto.html,0,2,0%,8
https://www.moruzzi.it/monete-di-massimino-i-il-trace.html,0,2,0%,8
https://www.moruzzi.it/monete-di-pertinace.html,0,2,0%,8
https://www.moruzzi.it/citta-del-vaticano-2-euro-2011-fdc-xxvi-giornata-mondiale-della-gioventu-monete-vaticane-di-papa-benedetto-xvi-ratzinger-2-euros-bu-2eur-commemorative-coin-31298.html,0,2,0%,8.5
https://www.moruzzi.it/download/2006_pdf/01-04.pdf,0,2,0%,8.5
https://www.moruzzi.it/lang4/italian_social_republic.html,0,2,0%,8.5
https://www.moruzzi.it/regno-ditalia-vittorio-emanuele-iii-medaglia-in-bronzo-guerra-per-lunita-ditalia-1918-opus-silvio-canevari-qspl-medaglie-decorazioni-italiane-moderne-28265.html,0,2,0%,8.5
https://www.moruzzi.it/belgio-banque-nationale-de-belgique-franchi-500-constantin-meunier-1982-firme-demanet-godeaux-qfds-pick-143a-nationale-bank-van-belgie-vijfhonderd-27618.html,0,2,0%,9
https://www.moruzzi.it/il_denario_romano_di_epoca_repubblicana.html,0,2,0%,9
https://www.moruzzi.it/upgrade_della_qualita.html,0,2,0%,9.5
https://www.moruzzi.it/repubblica-italiana-banca-ditalia-50000-lire-01121986-bernini-i-tipo-serie-c-firme-ciampi-stevani-fds-crapanzano-606-banconote-italiane-carta-19081.html,0,2,0%,10
https://www.moruzzi.it/lang6/o-dolar.html,0,2,0%,10.5
https://www.moruzzi.it/lang1/le_napoleon.html,0,2,0%,11.5
https://www.moruzzi.it/monete-di-druso-minore.html,0,2,0%,12
https://www.moruzzi.it/quadrigati.html,0,2,0%,15
https://www.moruzzi.it/lang5/das_gesamte_geschaft.html,0,2,0%,16
https://www.moruzzi.it/lang3/loredana_moruzzi.html,0,2,0%,16.5
https://www.moruzzi.it/lang5/bucher_und_publikationen.html,0,2,0%,16.5
https://www.moruzzi.it/citta-del-vaticano-giovanni-paolo-ii-wojtyla-medaglia-annuale-in-argento-elezione-al-pontificato-1979-anno-i-opus-raul-vistoli-fdc-di-virgilio-9-pap-27555.html,0,2,0%,18
https://www.moruzzi.it/lang5/moruzzi-numismatica-in-sozialen-netzwerken.html,0,2,0%,18
https://www.moruzzi.it/lang5/kaiserliche_romische_munzen.html,0,2,0%,19.5
https://www.moruzzi.it/vittorio_emanuele_iii.html,0,2,0%,20.5
https://www.moruzzi.it/download/2007_pdf/46-58.pdf,0,2,0%,21.5
https://www.moruzzi.it/lang2/publications.html,0,2,0%,22.5
https://www.moruzzi.it/lang5/raritat.html,0,2,0%,23
https://www.moruzzi.it/lang1/certification_en_ligne.html,0,2,0%,25
https://www.moruzzi.it/lang1/le-personnel.html,0,2,0%,27
https://www.moruzzi.it/lang6/umberto-moruzzi.html,0,2,0%,27
https://www.moruzzi.it/lang5/umberto_moruzzi.html,0,2,0%,28
https://www.moruzzi.it/lang5/das-personal.html,0,2,0%,29
https://www.moruzzi.it/lang2/the_euro.html,0,2,0%,30
https://www.moruzzi.it/lang2/our_publications.html,0,2,0%,30.5
https://www.moruzzi.it/monete-di-elagabalo.html,0,2,0%,31.5
https://www.moruzzi.it/lang5/internationale_munzen.html,0,2,0%,40
https://www.moruzzi.it/download/2006_pdf/46-50.pdf,0,2,0%,41
https://www.moruzzi.it/lang2/quality_certification_moruzzi.html,0,2,0%,42
https://www.moruzzi.it/monete_del_regno_d_italia.html,0,2,0%,43
https://www.moruzzi.it/monete-di-elia-flaccilla.html,0,2,0%,62
https://www.moruzzi.it/moruzzi_numismatica_facebook_twitter.html,0,2,0%,63
https://www.moruzzi.it/regno-di-napoli-filippo-iv-di-borbone-tari-1622-zecca-di-napoli-argento-mbb-r-pannuti-riccio-30b-monete-italiane-preunitarie-napoletane-borbonich-29969.html,0,2,0%,73
https://www.moruzzi.it/monete/monete-dellimpero-romano.html,0,2,0%,99.5
https://www.moruzzi.it/citta-del-vaticano-2-euro-2019-fs-25o-anniversario-del-restauro-della-cappella-sistina-monete-vaticane-di-papa-francesco-sistine-chapel-2-euros-proof-2eur-13295.html,0,1,0%,1
https://www.moruzzi.it/determinazione-del-prezzo-di-vendita-di-monete-banconote-e-medaglie.html,0,1,0%,1
https://www.moruzzi.it/download/2006_pdf/06-14.pdf,0,1,0%,1
https://www.moruzzi.it/download/2006_pdf/31-40.pdf,0,1,0%,1
https://www.moruzzi.it/download/2007_pdf/41-45.pdf,0,1,0%,1
https://www.moruzzi.it/lang1/royaume_ditalie.html,0,1,0%,1
https://www.moruzzi.it/lang2/attestation_of_guarantee_and_provenance.html,0,1,0%,1
https://www.moruzzi.it/lang2/our_business_hours.html,0,1,0%,1
https://www.moruzzi.it/lang3/certificados_de_garantia_y_de_origen.html,0,1,0%,1
https://www.moruzzi.it/lang3/humberto-i.html,0,1,0%,1
https://www.moruzzi.it/lang3/la_rareza.html,0,1,0%,1
https://www.moruzzi.it/lang5/die_garantie_moruzzi_numismatik.html,0,1,0%,1
https://www.moruzzi.it/lang5/die_romische_bank_wahrend_der_kaiserzeit_von_italien.html,0,1,0%,1
https://www.moruzzi.it/lang5/unser_ebay.html,0,1,0%,1
https://www.moruzzi.it/monete-di-caligola.html,0,1,0%,1
https://www.moruzzi.it/monete-di-elena.html,0,1,0%,1
https://www.moruzzi.it/monete-di-giulia-mamea.html,0,1,0%,1
https://www.moruzzi.it/monete-di-massenzio.html,0,1,0%,1
https://www.moruzzi.it/monete-di-massimo-cesare.html,0,1,0%,1
https://www.moruzzi.it/monete-di-traiano-decio.html,0,1,0%,1
https://www.moruzzi.it/regno-ditalia-vittorio-emanuele-iii-buono-da-1-lira-italia-seduta-1924-zecca-di-roma-nichel-mspl-pagani-778-monete-italiane-moderne-moneta-italian-29008.html,0,1,0%,1
https://www.moruzzi.it/citta-del-vaticano-giovanni-xxiii-roncalli-medaglia-straordinaria-in-argento-convocazione-del-concilio-vaticano-ii-1962-opus-giacomo-manzu-fdc-nc-mo-29414.html,0,1,0%,2
https://www.moruzzi.it/italia-esposizione-nazionale-medaglia-in-bronzo-dorato-1881-esposizione-nazionale-a-milano-opus-antonio-bergamaschi-e-carlo-ferrario-spl-martini-3174-23973.html,0,1,0%,2
https://www.moruzzi.it/monete-di-licinio.html,0,1,0%,2
https://www.moruzzi.it/monete-di-pompeo-magno.html,0,1,0%,2
https://www.moruzzi.it/monete-di-silla.html,0,1,0%,2
https://www.moruzzi.it/monete-di-tetrico.html,0,1,0%,2
https://www.moruzzi.it/repubblica-italiana-banca-ditalia-2000-lire-08101973-galileo-galilei-firme-carli-barbarito-mspl-crapanzano-502-banconote-italiane-cartamoneta-i-18608.html,0,1,0%,2
https://www.moruzzi.it/treboniano-gallo-sesterzio-251-253-dc-salvs-avgg-s-c-la-salus-nutre-un-serpente-da-una-patera-e-tiene-lo-scettro-zecca-di-roma-bronzo-qbb-r-ric-1-17931.html,0,1,0%,2
https://www.moruzzi.it/anonimo-quadrante-i-ii-sec-dc-petaso-alato-s-c-caduceo-alato-zecca-di-roma-bronzo-qspl-r-ric-32-monete-romane-imperiali-antiche-rare-moneta-28441.html,0,1,0%,3
https://www.moruzzi.it/citta-del-vaticano-sede-vacante-1963-lire-500-cardinale-aloisi-masella-1963-3076.html,0,1,0%,3
https://www.moruzzi.it/clodio-albino-cesare-denario-193-194-dc-romae-aeternae-roma-galeata-seduta-tiene-il-palladium-e-la-lancia-capovolta-sotto-la-seduta-uno-scudo-zecca-di-r-27015.html,0,1,0%,3
https://www.moruzzi.it/costantino-i-follis-ridotto-310-311-dc-genio-imperatoris-e-ant-il-genio-stante-con-patera-e-cornucopia-davanti-unara-accesa-zecca-di-antiochia-bron-31308.html,0,1,0%,3
https://www.moruzzi.it/download/2008_pdf/28-31.pdf,0,1,0%,3
https://www.moruzzi.it/lang2/italian_pre_unitary_coins.html,0,1,0%,3
https://www.moruzzi.it/lang2/loredana_moruzzi.html,0,1,0%,3
https://www.moruzzi.it/monete-di-erennia-etruscilla.html,0,1,0%,3
https://www.moruzzi.it/monete-di-otacilia-severa.html,0,1,0%,3
https://www.moruzzi.it/monete-di-plautilla.html,0,1,0%,3
https://www.moruzzi.it/stato-pontificio-leone-xii-della-genga-medaglia-in-bronzo-1825-an-ii-lavanda-dei-piedi-opus-giuseppe-cerbara-spl-r-bertuzzi-40-medaglie-papali-po-21234.html,0,1,0%,3
https://www.moruzzi.it/citta-del-vaticano-sede-vacante-1978-i-medaglia-in-argento-cardinale-camerlengo-jean-villot-opus-tommaso-gismondi-qfdc-boccia-128-vacant-sees-silver-m-15547.html,0,1,0%,4
https://www.moruzzi.it/download/2008_pdf/56-59.pdf,0,1,0%,4
https://www.moruzzi.it/italia-serie-annuale-ufficiale-8-valori-1969-fdc-3073.html,0,1,0%,4
https://www.moruzzi.it/lang1/le_florin.html,0,1,0%,4
https://www.moruzzi.it/lang1/les_abreviations_pour_les_monnaies.html,0,1,0%,4
https://www.moruzzi.it/lang1/loredana_moruzzi.html,0,1,0%,4
https://www.moruzzi.it/lang5/abkurzungen_fur_die_banknoten.html,0,1,0%,4
https://www.moruzzi.it/lang6/moedas-imperiais-romanas.html,0,1,0%,4
https://www.moruzzi.it/regno-ditalia-vittorio-emanuele-iii-2-centesimi-1907-valore-zecca-di-roma-rame-mbb-rr-pagani-929-monete-italiane-moderne-rare-moneta-italiana-m-14456.html,0,1,0%,4
https://www.moruzzi.it/repubblica-italiana-lire-500-marconi-1974-zecca-di-roma-argento-q-fdc-pagani-2146-monete-italiane-moderne-commemorative-dargento-moneta-itali-30818.html,0,1,0%,4
https://www.moruzzi.it/google_maps.html,0,1,0%,5
https://www.moruzzi.it/lang4/lion_daalder.html,0,1,0%,5
https://www.moruzzi.it/lang6/coleccionar-moedas-antigas-em-italia.html,0,1,0%,5
https://www.moruzzi.it/lang6/o-escudo-de-5-francos.html,0,1,0%,5
https://www.moruzzi.it/monete-di-fausta.html,0,1,0%,5
https://www.moruzzi.it/monete-di-magnia-urbica.html,0,1,0%,5
https://www.moruzzi.it/monete-di-numeriano.html,0,1,0%,5
https://www.moruzzi.it/repubblica-italiana-banca-ditalia-lire-5000-ritratto-duomo-antonello-da-messina-19101983-firme-ciampi-stevani-qspl-vendemia-539-banconote-ita-31001.html,0,1,0%,5
https://www.moruzzi.it/banconote/banconote-italiane/cartamoneta-della-repubblica.html,0,1,0%,6
https://www.moruzzi.it/citta-del-vaticano-giovanni-xxiii-roncalli-medaglia-straordinaria-in-bronzo-premio-balzan-per-la-pace-1963-opus-pietro-giampaoli-fdc-modesti-271-med-30645.html,0,1,0%,6
https://www.moruzzi.it/download/2006_pdf/85-88.pdf,0,1,0%,6
https://www.moruzzi.it/grazie_di_averci_contattato.html,0,1,0%,6
https://www.moruzzi.it/lang3/introduccion_a_la_numismatica_y_al_coleccionismo.html,0,1,0%,6
https://www.moruzzi.it/lang3/monedas_de_la_republica_italiana.html,0,1,0%,6
https://www.moruzzi.it/monete-di-cornelia-supera.html,0,1,0%,6
https://www.moruzzi.it/regno-delle-due-sicilie-ferdinando-ii-di-borbone-120-grana-1854-zecca-di-napoli-argento-qspl-pannuti-riccio-83-piastra-dargento-monete-italiane-pre-26414.html,0,1,0%,6
https://www.moruzzi.it/regno-ditalia-vittorio-emanuele-iii-1-lira-1943-xxi-impero-zecca-di-roma-acmonital-qfdc-r-pagani-797-monete-italiane-moderne-rare-moneta-italia-18313.html,0,1,0%,6
https://www.moruzzi.it/citta-del-vaticano-giovanni-paolo-ii-wojtyla-medaglia-annuale-in-bronzo-1981-a-iii-giornata-della-pace-opus-pericle-fazzini-fdc-di-virgilio-27-papi-25283.html,0,1,0%,7
https://www.moruzzi.it/citta-del-vaticano-giovanni-xxiii-roncalli-medaglia-straordinaria-postuma-in-bronzo-1963-anno-v-pellegrinaggio-alle-basiliche-di-assisi-e-loreto-opus-piet-22239.html,0,1,0%,7
https://www.moruzzi.it/citta-del-vaticano-pio-xii-medaglia-straordinaria-in-argento-1942-25-anniversario-della-consacrazione-vescovile-giubileo-episcopale-opus-aurelio-mistruz-14993.html,0,1,0%,7
https://www.moruzzi.it/lang4/italian_paper_money.html,0,1,0%,7
https://www.moruzzi.it/lang6/download.html,0,1,0%,7
https://www.moruzzi.it/monete-di-caro.html,0,1,0%,7
https://www.moruzzi.it/monete-di-lucilla.html,0,1,0%,7
https://www.moruzzi.it/monete-di-teodosio-ii.html,0,1,0%,7
https://www.moruzzi.it/regno-di-sardegna-vittorio-emanuele-ii-medaglia-in-bronzo-nozze-con-maria-adelaide-1842-opus-gaspare-galeazzi-qfdc-r-martini-1713-medaglie-italian-26717.html,0,1,0%,7
https://www.moruzzi.it/repubblica-italiana-banca-ditalia-5000-lire-12111993-bellini-serie-speciale-xb-crapanzano-541s-8317.html,0,1,0%,7
https://www.moruzzi.it/vendere/come-vendere,0,1,0%,7
https://www.moruzzi.it/download/2007_pdf/31-34.pdf,0,1,0%,8
https://www.moruzzi.it/download/2007_pdf/59-71.pdf,0,1,0%,8
https://www.moruzzi.it/en/citta-del-vaticano-2-euro-2009-fdc-anno-internazionale-dellastronomia-monete-vaticane-di-papa-benedetto-xvi-ratzinger-2-euros-bu-2eur-commemorative-coins-31294.html,0,1,0%,8
https://www.moruzzi.it/lang2/cataloguing_coins_banknotes.html,0,1,0%,8
https://www.moruzzi.it/lang2/the_corinthian_stater.html,0,1,0%,8
https://www.moruzzi.it/monete-di-filippo-ii-cesare.html,0,1,0%,8
https://www.moruzzi.it/lang5/die_spanischen_munzen_zu_8_reales.html,0,1,0%,9
https://www.moruzzi.it/lang5/humbert_i.html,0,1,0%,9
https://www.moruzzi.it/lang6/a-historia-da-nota-em-breve.html,0,1,0%,9
https://www.moruzzi.it/lang6/a-mulher-romana-nos-retratos-das-augustae.html,0,1,0%,9
https://www.moruzzi.it/lang6/introducao-a-numismatica-e-ao-coleccionismo.html,0,1,0%,9
https://www.moruzzi.it/lang6/o-templo-de-jano.html,0,1,0%,9
https://www.moruzzi.it/lo_scudo_da_5_franchi.html,0,1,0%,9
https://www.moruzzi.it/monete-di-floriano.html,0,1,0%,9
https://www.moruzzi.it/monete-di-teodosio-i-il-grande.html,0,1,0%,9
https://www.moruzzi.it/repubblica-italiana-lire-1000-centenario-di-roma-capitale-1870-1970-1970-zecca-di-roma-argento-qfdc-pagani-2051-monete-italiane-commemorative-dargen-30470.html,0,1,0%,9
https://www.moruzzi.it/2-euro-commemorativi.html,0,1,0%,10
https://www.moruzzi.it/carmine-costanzo-le-monete-coniate-a-civitavecchia-sul-finire-del-secolo-xviii-i-baiocchi-la-repubblica-dei-ragazzi-di-civitavecchia-con-i-suoi-meriti-l-15116.html,0,1,0%,10
https://www.moruzzi.it/citta-del-vaticano-giovanni-paolo-i-luciani-medaglia-straordinaria-in-bronzo-1978-a-i-commemorazione-del-pontificato-opus-celestino-giampaoli-fdc-macri-22425.html,0,1,0%,10
https://www.moruzzi.it/lang1/laureus_romain.html,0,1,0%,10
https://www.moruzzi.it/lang2/the_birth_of_the_medal.html,0,1,0%,10
https://www.moruzzi.it/lang4/roman_tesserae_with_numerals_and_spintriae.html,0,1,0%,10
https://www.moruzzi.it/lang6/toda-a-loja.html,0,1,0%,10
https://www.moruzzi.it/monete-di-agrippa.html,0,1,0%,10
https://www.moruzzi.it/monete-di-aquilia-severa.html,0,1,0%,10
https://www.moruzzi.it/monete-di-leontini-i-tetradrammi-di-leontini.html,0,1,0%,10
https://www.moruzzi.it/registrazione_alla_newsletter.html,0,1,0%,10
https://www.moruzzi.it/repubblica-di-san-marino-nuova-monetazione-dal-1972-lire-500-e-1000-xxiii-olimpiade-di-los-angeles-1984-3812.html,0,1,0%,10
https://www.moruzzi.it/repubblica-di-san-marino-vecchia-monetazione-10-lire-1936-zecca-di-roma-argento-mspl-pagani-354-monete-mondiali-europee-moderne-dargento-world-silv-25513.html,0,1,0%,10
https://www.moruzzi.it/ricerca-certificato-online.html,0,1,0%,10
https://www.moruzzi.it/l_ara_pacis.html,0,1,0%,11
https://www.moruzzi.it/lang4/our_ebay.html,0,1,0%,11
https://www.moruzzi.it/lang4/the_corinthian_stater.html,0,1,0%,11
https://www.moruzzi.it/monete-di-ostiliano.html,0,1,0%,11
https://www.moruzzi.it/pop_up/Workshop numismatico_programma.pdf,0,1,0%,11
https://www.moruzzi.it/regno-ditalia-vittorio-emanuele-iii-buono-da-1-lira-italia-seduta-1922-zecca-di-roma-nichel-mspl-pagani-776-monete-italiane-moderne-moneta-italian-30128.html,0,1,0%,11
https://www.moruzzi.it/repubblica-di-san-marino-nuova-monetazione-1972-2001-lire-10000-bimillenario-nascita-gesu-2000-3871.html,0,1,0%,11
https://www.moruzzi.it/lang1/monnaies_suberates.html,0,1,0%,12
https://www.moruzzi.it/lang1/victor-emmanuel-ii.html,0,1,0%,12
https://www.moruzzi.it/lang5/wie_verkaufen.html,0,1,0%,12
https://www.moruzzi.it/lang6/domitianus.html,0,1,0%,13
https://www.moruzzi.it/monete-di-elio.html,0,1,0%,13
https://www.moruzzi.it/lang3/el-personal.html,0,1,0%,14
https://www.moruzzi.it/lang5/der_stater_aus_korinth.html,0,1,0%,16
https://www.moruzzi.it/lang3/dicen_de_nosotros.html,0,1,0%,17
https://www.moruzzi.it/citta-del-vaticano-giovanni-paolo-ii-woityla-1978-2005-serie-annuale-di-7-valori-1994-an-xvi-1021.html,0,1,0%,18
https://www.moruzzi.it/orologi_da_collezione.html,0,1,0%,19
https://www.moruzzi.it/en/coins/coins-of-the-vatican-city/the-vacant-see-1939-2013.html,0,1,0%,20
https://www.moruzzi.it/italia-croce-rossa-italiana-giovanile-distintivo-smaltato-opus-castelli-e-gerosa-spl-distintivi-smaltati-italiani-antiquariato-da-collezione-15292.html,0,1,0%,20
https://www.moruzzi.it/citta-del-vaticano-paolo-vi-montini-medaglia-straordinaria-in-argento-1965-1975-decimo-anniversario-della-dichiarazione-cattolico-ortodossa-opus-manfrini-19715.html,0,1,0%,21
https://www.moruzzi.it/lang5/uber_das_telefon.html,0,1,0%,23
https://www.moruzzi.it/download/2008_pdf/40-43.pdf,0,1,0%,29
https://www.moruzzi.it/lang3/la_garantia_moruzzi_numismatica.html,0,1,0%,31
https://www.moruzzi.it/lang1/certification_de_qualite_moruzzi.html,0,1,0%,32
https://www.moruzzi.it/lang3/condiciones_de_venta.html,0,1,0%,32
https://www.moruzzi.it/lang5/byzantinische_munzen.html,0,1,0%,34
https://www.moruzzi.it/download/2002_pdf/07MNemissguerra.pdf,0,1,0%,37
https://www.moruzzi.it/lang4/the_complete_shop.html,0,1,0%,39
https://www.moruzzi.it/lang3/libros_y_publicaciones.html,0,1,0%,40
https://www.moruzzi.it/lituania-repubblica-litai-5-dr-jonas-basanavicius-1936-argento-mbb-nc-km-82-lietuva-world-silver-coins-monete-mondiali-europee-lituane-monet-25173.html,0,1,0%,40
https://www.moruzzi.it/lang1/expertises_de_papier_monnaies.html,0,1,0%,42
https://www.moruzzi.it/lang3/medallas_papales.html,0,1,0%,42
https://www.moruzzi.it/download/2007_pdf/01-06.pdf,0,1,0%,43
https://www.moruzzi.it/download/2008_pdf/62-63.pdf,0,1,0%,43
https://www.moruzzi.it/monete-di-cassio.html,0,1,0%,44
https://www.moruzzi.it/lang4/special_offers.html,0,1,0%,45
https://www.moruzzi.it/lang5/der_englische_sterling.html,0,1,0%,45
https://www.moruzzi.it/austria-repubblica-scellini-50-1200-anniversario-della-cattedrale-di-salisburgo-1974-zecca-di-vienna-munze-osterreich-argento-fdc-km-2921-silberm-29859.html,0,1,0%,46
https://www.moruzzi.it/lang2/byzantine_coins.html,0,1,0%,46
https://www.moruzzi.it/lang5/unsere_veroffentlichungen.html,0,1,0%,47
https://www.moruzzi.it/lang4/the_ara_pacis.html,0,1,0%,48
https://www.moruzzi.it/lang5/die_spanische_munzen_zu_8_escudos.html,0,1,0%,48
https://www.moruzzi.it/lang5/antike_munzsammlungen_in_italien.html,0,1,0%,49
https://www.moruzzi.it/lang1/expertises_de_monnaies.html,0,1,0%,50
https://www.moruzzi.it/rss_feed_news.html,0,1,0%,55
https://www.moruzzi.it/banconote_e_cartamoneta_d_europa.html,0,1,0%,59
https://www.moruzzi.it/monete-di-mario--marco-aurelio-mario-.html,0,1,0%,64
https://www.moruzzi.it/monete-di-vitellio.html,0,1,0%,74
https://www.moruzzi.it/download/2008_pdf/11-14.pdf,0,1,0%,77
https://www.moruzzi.it/lang3/las_estimaciones_y_experticia_de_las_monedas.html,0,1,0%,93
https://www.moruzzi.it/lang3/experticia_de_monedas.html,0,1,0%,95
https://www.moruzzi.it/imperi-romano-e-bizantino-regni-barbarici-in-italia-attraverso-le-monete-del-museo-nazionale-di-ravenna-catalogo-della-mostra-pp-125-ministero-per-i-beni-c-29332.html,0,1,0%,104